{
"classInfo":[
{
"className":"计算机组成与系统结构","week":{
"startWeek":2,
"endWeek":17
},
"weekday":1,
"classTime":4,
"classroom":"教西C409  ",
"interval":1

},{
"className":"计算机组成与系统结构","week":{
"startWeek":2,
"endWeek":17
},
"weekday":3,
"classTime":4,
"classroom":"教西C409  ",
"interval":1

},{
"className":"信号与系统分析","week":{
"startWeek":1,
"endWeek":12
},
"weekday":3,
"classTime":2,
"classroom":"教西C307",
"interval":1

},{
"className":"信号与系统分析","week":{
"startWeek":1,
"endWeek":12
},
"weekday":5,
"classTime":2,
"classroom":"教西C307",
"interval":1

},{
"className":"高级语言程序设计","week":{
"startWeek":1,
"endWeek":10
},
"weekday":1,
"classTime":6,
"classroom":"教西B305",
"interval":1

},{
"className":"高级语言程序设计","week":{
"startWeek":1,
"endWeek":10
},
"weekday":3,
"classTime":6,
"classroom":"教西B305",
"interval":1

},{
"className":"信号与系统分析实验","week":{
"startWeek":9,
"endWeek":12
},
"weekday":7,
"classTime":1,
"classroom":"CS-108(嵌入式实验室)",
"interval":1

},{
"className":"信号与系统分析实验","week":{
"startWeek":9,
"endWeek":12
},
"weekday":7,
"classTime":2,
"classroom":"CS-108(嵌入式实验室)",
"interval":1

},{
"className":"高级语言程序设计实验","week":{
"startWeek":7,
"endWeek":11
},
"weekday":6,
"classTime":1,
"classroom":"Lab-107(软件实验室)",
"interval":1

},{
"className":"高级语言程序设计实验","week":{
"startWeek":7,
"endWeek":11
},
"weekday":6,
"classTime":2,
"classroom":"Lab-107(软件实验室)",
"interval":1

},{
"className":"计算机组成与系统结构实验","week":{
"startWeek":9,
"endWeek":18
},
"weekday":7,
"classTime":4,
"classroom":"Lab-407-3",
"interval":1

},{
"className":"计算机组成与系统结构实验","week":{
"startWeek":9,
"endWeek":18
},
"weekday":7,
"classTime":5,
"classroom":"Lab-407-3",
"interval":1

},{
"className":"概率论与数理统计","week":{
"startWeek":1,
"endWeek":12
},
"weekday":1,
"classTime":1,
"classroom":"教西D106",
"interval":1

},{
"className":"概率论与数理统计","week":{
"startWeek":1,
"endWeek":12
},
"weekday":3,
"classTime":1,
"classroom":"教西D106",
"interval":1

},{
"className":"体育2(游泳)","week":{
"startWeek":1,
"endWeek":16
},
"weekday":4,
"classTime":2,
"classroom":"翱翔游泳馆",
"interval":1

},{
"className":"电子实习B","week":{
"startWeek":2,
"endWeek":9
},
"weekday":2,
"classTime":1,
"classroom":"电子实习教室1",
"interval":1

},{
"className":"电子实习B","week":{
"startWeek":2,
"endWeek":9
},
"weekday":2,
"classTime":2,
"classroom":"电子实习教室1",
"interval":1

},{
"className":"电子实习B","week":{
"startWeek":2,
"endWeek":9
},
"weekday":2,
"classTime":4,
"classroom":"电子实习教室1",
"interval":1

},{
"className":"电子实习B","week":{
"startWeek":2,
"endWeek":9
},
"weekday":2,
"classTime":5,
"classroom":"电子实习教室1",
"interval":1

},{
"className":"数码图像后期处理技术以及多媒体技术","week":{
"startWeek":2,
"endWeek":12
},
"weekday":6,
"classTime":4,
"classroom":"教东D209",
"interval":1

}]
}