{
  "classTime": [
    {
        "name":"1-2",
        "startTime":"0830",
        "endTime":"1010"
    },
    {
        "name":"3-4",
        "startTime":"1030",
        "endTime":"1210"
    },
    {
        "name":"5-6",
        "startTime":"1220",
        "endTime":"1340"
    },
    {
        "name":"7-8",
        "startTime":"1400",
        "endTime":"1540"
    },
    {
        "name":"9-10",
        "startTime":"1600",
        "endTime":"1740"
    },
    {
        "name":"11-12",
        "startTime":"1900",
        "endTime":"2040"
    }
  ]
}